[
    {
        "invoice_id": "INV-818TUEZ5",
        "chat_id": 6506780205,
        "amount_usd": 1,
        "status": "pending",
        "invoiceUrl": "https:\/\/pay.cryptocloud.plus\/818TUEZ5"
    },
    {
        "invoice_id": "INV-Q2RPIOO2",
        "chat_id": 6506780205,
        "amount_usd": 1,
        "status": "pending",
        "invoiceUrl": "https:\/\/pay.cryptocloud.plus\/Q2RPIOO2"
    },
    {
        "invoice_id": "INV-B9WT7TE5",
        "chat_id": 6506780205,
        "amount_usd": 1,
        "status": "pending",
        "invoiceUrl": "https:\/\/pay.cryptocloud.plus\/B9WT7TE5"
    },
    {
        "invoice_id": "INV-0BATJS73",
        "chat_id": 6506780205,
        "amount_usd": 1,
        "status": "pending",
        "invoiceUrl": "https:\/\/pay.cryptocloud.plus\/0BATJS73"
    },
    {
        "invoice_id": "INV-43CR51RD",
        "chat_id": 6506780205,
        "amount_usd": 1,
        "status": "pending",
        "invoiceUrl": "https:\/\/pay.cryptocloud.plus\/43CR51RD"
    },
    {
        "invoice_id": "INV-3WKXW17G",
        "chat_id": 6506780205,
        "amount_usd": 1,
        "status": "paid",
        "invoiceUrl": "https:\/\/pay.cryptocloud.plus\/3WKXW17G"
    },
    {
        "invoice_id": "INV-9Y4EMQVP",
        "chat_id": 6506780205,
        "amount_usd": 1,
        "status": "pending",
        "invoiceUrl": "https:\/\/pay.cryptocloud.plus\/9Y4EMQVP"
    },
    {
        "invoice_id": "INV-ACTBFHNZ",
        "chat_id": 5639458117,
        "amount_usd": 20,
        "status": "pending",
        "invoiceUrl": "https:\/\/pay.cryptocloud.plus\/ACTBFHNZ"
    },
    {
        "invoice_id": "INV-44ZODDN9",
        "chat_id": 6451944265,
        "amount_usd": 1,
        "status": "pending",
        "invoiceUrl": "https:\/\/pay.cryptocloud.plus\/44ZODDN9"
    },
    {
        "invoice_id": "INV-F4J46Q0M",
        "chat_id": 6451944265,
        "amount_usd": 9999999,
        "status": "pending",
        "invoiceUrl": "https:\/\/pay.cryptocloud.plus\/F4J46Q0M"
    },
    {
        "invoice_id": "INV-RWNCJX6C",
        "chat_id": 5893307435,
        "amount_usd": 3,
        "status": "pending",
        "invoiceUrl": "https:\/\/pay.cryptocloud.plus\/RWNCJX6C"
    },
    {
        "invoice_id": "INV-WTKC9J2G",
        "chat_id": 1745917171,
        "amount_usd": 5,
        "status": "pending",
        "invoiceUrl": "https:\/\/pay.cryptocloud.plus\/WTKC9J2G"
    },
    {
        "invoice_id": "INV-IM2ETT4Y",
        "chat_id": 6506780205,
        "amount_usd": 985612253,
        "status": "pending",
        "invoiceUrl": "https:\/\/pay.cryptocloud.plus\/IM2ETT4Y"
    },
    {
        "invoice_id": "INV-ZH8O20HF",
        "chat_id": 6506780205,
        "amount_usd": 1,
        "status": "pending",
        "invoiceUrl": "https:\/\/pay.cryptocloud.plus\/ZH8O20HF"
    },
    {
        "invoice_id": "INV-2L2IP5PV",
        "chat_id": 6506780205,
        "amount_usd": 1,
        "status": "pending",
        "invoiceUrl": "https:\/\/pay.cryptocloud.plus\/2L2IP5PV"
    },
    {
        "invoice_id": "INV-JSP2TQVA",
        "chat_id": 6506780205,
        "amount_usd": 0.5,
        "status": "paid",
        "invoiceUrl": "https:\/\/pay.cryptocloud.plus\/JSP2TQVA"
    },
    {
        "invoice_id": "INV-F6FWWZO8",
        "chat_id": 6506780205,
        "amount_usd": 1,
        "status": "pending",
        "invoiceUrl": "https:\/\/pay.cryptocloud.plus\/F6FWWZO8"
    },
    {
        "invoice_id": "INV-2D1BDCAX",
        "chat_id": 6506780205,
        "amount_usd": 1,
        "status": "pending",
        "invoiceUrl": "https:\/\/pay.cryptocloud.plus\/2D1BDCAX"
    },
    {
        "invoice_id": "INV-ZNSRCFWM",
        "chat_id": 6506780205,
        "amount_usd": 1,
        "status": "pending",
        "invoiceUrl": "https:\/\/pay.cryptocloud.plus\/ZNSRCFWM"
    },
    {
        "invoice_id": "INV-FY9MY5TD",
        "chat_id": 1270416191,
        "amount_usd": 1,
        "status": "paid",
        "invoiceUrl": "https:\/\/pay.cryptocloud.plus\/FY9MY5TD"
    },
    {
        "invoice_id": "INV-P3PWBCFM",
        "chat_id": 5949864429,
        "amount_usd": 4,
        "status": "pending",
        "invoiceUrl": "https:\/\/pay.cryptocloud.plus\/P3PWBCFM"
    },
    {
        "invoice_id": "INV-WTLB5HRC",
        "chat_id": 6506780205,
        "amount_usd": 1,
        "status": "pending",
        "invoiceUrl": "https:\/\/pay.cryptocloud.plus\/WTLB5HRC"
    },
    {
        "invoice_id": "INV-BOJMSF2H",
        "chat_id": 6506780205,
        "amount_usd": 1,
        "status": "pending",
        "invoiceUrl": "https:\/\/pay.cryptocloud.plus\/BOJMSF2H"
    },
    {
        "invoice_id": "INV-NZ2OMF69",
        "chat_id": 6506780205,
        "amount_usd": 1,
        "status": "pending",
        "invoiceUrl": "https:\/\/pay.cryptocloud.plus\/NZ2OMF69"
    },
    {
        "invoice_id": "INV-XAVE5QYA",
        "chat_id": 6506780205,
        "amount_usd": 1,
        "status": "pending",
        "invoiceUrl": "https:\/\/pay.cryptocloud.plus\/XAVE5QYA"
    },
    {
        "invoice_id": "INV-4RQV9SYP",
        "chat_id": 1270416191,
        "amount_usd": 2,
        "status": "paid",
        "invoiceUrl": "https:\/\/pay.cryptocloud.plus\/4RQV9SYP"
    },
    {
        "invoice_id": "INV-WFT5HMAW",
        "chat_id": 6506780205,
        "amount_usd": 1,
        "status": "pending",
        "invoiceUrl": "https:\/\/pay.cryptocloud.plus\/WFT5HMAW"
    },
    {
        "invoice_id": "INV-J60WWX0V",
        "chat_id": 6506780205,
        "amount_usd": 1,
        "status": "pending",
        "invoiceUrl": "https:\/\/pay.cryptocloud.plus\/J60WWX0V"
    },
    {
        "invoice_id": "INV-T3H4A0BC",
        "chat_id": 6501889591,
        "amount_usd": 1.5,
        "status": "pending",
        "invoiceUrl": "https:\/\/pay.cryptocloud.plus\/T3H4A0BC"
    },
    {
        "invoice_id": "INV-QJP5WFFV",
        "chat_id": 7022345563,
        "amount_usd": 100,
        "status": "pending",
        "invoiceUrl": "https:\/\/pay.cryptocloud.plus\/QJP5WFFV"
    },
    {
        "invoice_id": "INV-TJZ5SCYA",
        "chat_id": 6312543531,
        "amount_usd": 2,
        "status": "pending",
        "invoiceUrl": "https:\/\/pay.cryptocloud.plus\/TJZ5SCYA"
    },
    {
        "invoice_id": "INV-11YI45ZB",
        "chat_id": 6506780205,
        "amount_usd": 1,
        "status": "pending",
        "invoiceUrl": "https:\/\/pay.cryptocloud.plus\/11YI45ZB"
    },
    {
        "invoice_id": "INV-KPRV27CS",
        "chat_id": 6506780205,
        "amount_usd": 1,
        "status": "pending",
        "invoiceUrl": "https:\/\/pay.cryptocloud.plus\/KPRV27CS"
    },
    {
        "invoice_id": "INV-XXJHGRA4",
        "chat_id": 6640341234,
        "amount_usd": 10,
        "status": "pending",
        "invoiceUrl": "https:\/\/pay.cryptocloud.plus\/XXJHGRA4"
    },
    {
        "invoice_id": "INV-5C26LM39",
        "chat_id": 5966210809,
        "amount_usd": 10,
        "status": "pending",
        "invoiceUrl": "https:\/\/pay.cryptocloud.plus\/5C26LM39"
    },
    {
        "invoice_id": "INV-6DVAJDW9",
        "chat_id": 6506780205,
        "amount_usd": 1,
        "status": "pending",
        "invoiceUrl": "https:\/\/pay.cryptocloud.plus\/6DVAJDW9"
    },
    {
        "invoice_id": "INV-U4LSRCR2",
        "chat_id": 6512107934,
        "amount_usd": 1,
        "status": "pending",
        "invoiceUrl": "https:\/\/pay.cryptocloud.plus\/U4LSRCR2"
    },
    {
        "invoice_id": "INV-YHXZ0SVK",
        "chat_id": 6512107934,
        "amount_usd": 5,
        "status": "pending",
        "invoiceUrl": "https:\/\/pay.cryptocloud.plus\/YHXZ0SVK"
    },
    {
        "invoice_id": "INV-EXQW8A5Z",
        "chat_id": 6512107934,
        "amount_usd": 5,
        "status": "pending",
        "invoiceUrl": "https:\/\/pay.cryptocloud.plus\/EXQW8A5Z"
    },
    {
        "invoice_id": "INV-AL0YVI8O",
        "chat_id": 6710495225,
        "amount_usd": 1,
        "status": "paid",
        "invoiceUrl": "https:\/\/pay.cryptocloud.plus\/AL0YVI8O"
    },
    {
        "invoice_id": "INV-N17JQK26",
        "chat_id": 5732953693,
        "amount_usd": 1,
        "status": "pending",
        "invoiceUrl": "https:\/\/pay.cryptocloud.plus\/N17JQK26"
    },
    {
        "invoice_id": "INV-VLEMHQCY",
        "chat_id": 5671579587,
        "amount_usd": 1,
        "status": "paid",
        "invoiceUrl": "https:\/\/pay.cryptocloud.plus\/VLEMHQCY"
    },
    {
        "invoice_id": "INV-7O7RBREI",
        "chat_id": 6710495225,
        "amount_usd": 1.3,
        "status": "paid",
        "invoiceUrl": "https:\/\/pay.cryptocloud.plus\/7O7RBREI"
    },
    {
        "invoice_id": "INV-7VY894BP",
        "chat_id": 6710495225,
        "amount_usd": 2,
        "status": "pending",
        "invoiceUrl": "https:\/\/pay.cryptocloud.plus\/7VY894BP"
    },
    {
        "invoice_id": "INV-6SW2211U",
        "chat_id": 6710495225,
        "amount_usd": 1,
        "status": "paid",
        "invoiceUrl": "https:\/\/pay.cryptocloud.plus\/6SW2211U"
    },
    {
        "invoice_id": "INV-VXOSGL4M",
        "chat_id": 5732953693,
        "amount_usd": 1,
        "status": "pending",
        "invoiceUrl": "https:\/\/pay.cryptocloud.plus\/VXOSGL4M"
    },
    {
        "invoice_id": "INV-45R65RXP",
        "chat_id": 6506780205,
        "amount_usd": 1,
        "status": "paid",
        "invoiceUrl": "https:\/\/pay.cryptocloud.plus\/45R65RXP"
    },
    {
        "invoice_id": "INV-CAREU587",
        "chat_id": 6506780205,
        "amount_usd": 0.5,
        "status": "paid",
        "invoiceUrl": "https:\/\/pay.cryptocloud.plus\/CAREU587"
    },
    {
        "invoice_id": "INV-5QYPNJG3",
        "chat_id": 6506780205,
        "amount_usd": 1,
        "status": "pending",
        "invoiceUrl": "https:\/\/pay.cryptocloud.plus\/5QYPNJG3"
    },
    {
        "invoice_id": "INV-LC5QD5NL",
        "chat_id": 6710495225,
        "amount_usd": 0.5,
        "status": "paid",
        "invoiceUrl": "https:\/\/pay.cryptocloud.plus\/LC5QD5NL"
    },
    {
        "invoice_id": "INV-GO8SRLP1",
        "chat_id": 1175191338,
        "amount_usd": 10,
        "status": "pending",
        "invoiceUrl": "https:\/\/pay.cryptocloud.plus\/GO8SRLP1"
    },
    {
        "invoice_id": "INV-D3VSLEBJ",
        "chat_id": 6710495225,
        "amount_usd": 0.5,
        "status": "paid",
        "invoiceUrl": "https:\/\/pay.cryptocloud.plus\/D3VSLEBJ"
    },
    {
        "invoice_id": "INV-KYM98Y76",
        "chat_id": 6710495225,
        "amount_usd": 0.5,
        "status": "pending",
        "invoiceUrl": "https:\/\/pay.cryptocloud.plus\/KYM98Y76"
    },
    {
        "invoice_id": "INV-TBEIVJDE",
        "chat_id": 6710495225,
        "amount_usd": 1,
        "status": "paid",
        "invoiceUrl": "https:\/\/pay.cryptocloud.plus\/TBEIVJDE"
    },
    {
        "invoice_id": "INV-BFNKDCTK",
        "chat_id": 6710495225,
        "amount_usd": 1.25,
        "status": "paid",
        "invoiceUrl": "https:\/\/pay.cryptocloud.plus\/BFNKDCTK"
    },
    {
        "invoice_id": "INV-9YK04RAJ",
        "chat_id": 6353787986,
        "amount_usd": 1,
        "status": "pending",
        "invoiceUrl": "https:\/\/pay.cryptocloud.plus\/9YK04RAJ"
    },
    {
        "invoice_id": "INV-DUT8Q4K0",
        "chat_id": 6710495225,
        "amount_usd": 0.75,
        "status": "pending",
        "invoiceUrl": "https:\/\/pay.cryptocloud.plus\/DUT8Q4K0"
    },
    {
        "invoice_id": "INV-6H32TPV0",
        "chat_id": 6710495225,
        "amount_usd": 2,
        "status": "paid",
        "invoiceUrl": "https:\/\/pay.cryptocloud.plus\/6H32TPV0"
    },
    {
        "invoice_id": "INV-89DG3GNX",
        "chat_id": 6506780205,
        "amount_usd": 1,
        "status": "pending",
        "invoiceUrl": "https:\/\/pay.cryptocloud.plus\/89DG3GNX"
    },
    {
        "invoice_id": "INV-HK93OIAC",
        "chat_id": 6506780205,
        "amount_usd": 1,
        "status": "pending",
        "invoiceUrl": "https:\/\/pay.cryptocloud.plus\/HK93OIAC"
    },
    {
        "invoice_id": "INV-9XOWWR3F",
        "chat_id": 7675565396,
        "amount_usd": 1,
        "status": "pending",
        "invoiceUrl": "https:\/\/pay.cryptocloud.plus\/9XOWWR3F"
    },
    {
        "invoice_id": "INV-NP9MNRP6",
        "chat_id": 5639458117,
        "amount_usd": 3,
        "status": "pending",
        "invoiceUrl": "https:\/\/pay.cryptocloud.plus\/NP9MNRP6"
    },
    {
        "invoice_id": "INV-PJ2ZICW4",
        "chat_id": 6506780205,
        "amount_usd": 9,
        "status": "paid",
        "invoiceUrl": "https:\/\/pay.cryptocloud.plus\/PJ2ZICW4"
    },
    {
        "invoice_id": "INV-BF7P1SU9",
        "chat_id": 6710495225,
        "amount_usd": 1,
        "status": "paid",
        "invoiceUrl": "https:\/\/pay.cryptocloud.plus\/BF7P1SU9"
    },
    {
        "invoice_id": "INV-R9Q3PWN8",
        "chat_id": 6710495225,
        "amount_usd": 5,
        "status": "paid",
        "invoiceUrl": "https:\/\/pay.cryptocloud.plus\/R9Q3PWN8"
    },
    {
        "invoice_id": "INV-1HIJTZCG",
        "chat_id": 6506780205,
        "amount_usd": 1,
        "status": "pending",
        "invoiceUrl": "https:\/\/pay.cryptocloud.plus\/1HIJTZCG"
    },
    {
        "invoice_id": "INV-C17R0A6I",
        "chat_id": 2051370923,
        "amount_usd": 1,
        "status": "pending",
        "invoiceUrl": "https:\/\/pay.cryptocloud.plus\/C17R0A6I"
    },
    {
        "invoice_id": "INV-DH4UEDSS",
        "chat_id": 2051370923,
        "amount_usd": 0.1,
        "status": "paid",
        "invoiceUrl": "https:\/\/pay.cryptocloud.plus\/DH4UEDSS"
    },
    {
        "invoice_id": "INV-XRR5KNZ2",
        "chat_id": 6979604186,
        "amount_usd": 1,
        "status": "pending",
        "invoiceUrl": "https:\/\/pay.cryptocloud.plus\/XRR5KNZ2"
    },
    {
        "invoice_id": "INV-W0J6CX33",
        "chat_id": 6506780205,
        "amount_usd": 10,
        "status": "pending",
        "invoiceUrl": "https:\/\/pay.cryptocloud.plus\/W0J6CX33"
    },
    {
        "invoice_id": "INV-Y8SSS5DI",
        "chat_id": 6506780205,
        "amount_usd": 5,
        "status": "paid",
        "invoiceUrl": "https:\/\/pay.cryptocloud.plus\/Y8SSS5DI"
    },
    {
        "invoice_id": "INV-QUKRJ2W9",
        "chat_id": 7253421270,
        "amount_usd": 0.5,
        "status": "pending",
        "invoiceUrl": "https:\/\/pay.cryptocloud.plus\/QUKRJ2W9"
    },
    {
        "invoice_id": "INV-DKZZJP5F",
        "chat_id": 6979604186,
        "amount_usd": 1,
        "status": "pending",
        "invoiceUrl": "https:\/\/pay.cryptocloud.plus\/DKZZJP5F"
    },
    {
        "invoice_id": "INV-S6A8BC4V",
        "chat_id": 6710495225,
        "amount_usd": 0.75,
        "status": "paid",
        "invoiceUrl": "https:\/\/pay.cryptocloud.plus\/S6A8BC4V"
    },
    {
        "invoice_id": "INV-752BDAR8",
        "chat_id": 6979604186,
        "amount_usd": 0.25,
        "status": "pending",
        "invoiceUrl": "https:\/\/pay.cryptocloud.plus\/752BDAR8"
    },
    {
        "invoice_id": "INV-U08HB2SU",
        "chat_id": 6710495225,
        "amount_usd": 1.7,
        "status": "paid",
        "invoiceUrl": "https:\/\/pay.cryptocloud.plus\/U08HB2SU"
    },
    {
        "invoice_id": "INV-O5V1B60B",
        "chat_id": 6710495225,
        "amount_usd": 1.6,
        "status": "paid",
        "invoiceUrl": "https:\/\/pay.cryptocloud.plus\/O5V1B60B"
    },
    {
        "invoice_id": "INV-0TRQIUQF",
        "chat_id": 1108408433,
        "amount_usd": 10,
        "status": "pending",
        "invoiceUrl": "https:\/\/pay.cryptocloud.plus\/0TRQIUQF"
    },
    {
        "invoice_id": "INV-J63SVFSG",
        "chat_id": 6710495225,
        "amount_usd": 0.5,
        "status": "paid",
        "invoiceUrl": "https:\/\/pay.cryptocloud.plus\/J63SVFSG"
    },
    {
        "invoice_id": "INV-M8CNR84S",
        "chat_id": 6506780205,
        "amount_usd": 6,
        "status": "paid",
        "invoiceUrl": "https:\/\/pay.cryptocloud.plus\/M8CNR84S"
    },
    {
        "invoice_id": "INV-1TKXSULV",
        "chat_id": 1108408433,
        "amount_usd": 100,
        "status": "pending",
        "invoiceUrl": "https:\/\/pay.cryptocloud.plus\/1TKXSULV"
    },
    {
        "invoice_id": "INV-WRWBF1GQ",
        "chat_id": 1108408433,
        "amount_usd": 20,
        "status": "pending",
        "invoiceUrl": "https:\/\/pay.cryptocloud.plus\/WRWBF1GQ"
    }
]